system,code,description
CIE10,D50.9,"Anemia por deficiencia de hierro sin otra especificación"
CIE10,E10.9,"Diabetes mellitus insulinodependiente, sin mención de complicación"
CIE10,E11.9,"Diabetes mellitus no insulinodependiente, sin mención de complicación"
CIE10,E44.0,"Desnutrición proteicocalórica moderada"
CIE10,E44.1,"Desnutrición proteicocalórica leve"
CIE10,E46,"Desnutrición proteicocalórica, no especificada"
CIE10,E66.0,"Obesidad debida a exceso de calorías"
CIE10,E66.9,"Obesidad, no especificada"
CIE10,E78.0,"Hipercolesterolemia pura"
CIE10,E78.1,"Hipergliceridemia pura"
CIE10,E78.2,"Hiperlipidemia mixta"
CIE10,E78.5,"Hiperlipidemia, no especificada"
CIE10,F10.2,"Trastornos mentales y del comportamiento debidos al uso de alcohol: síndrome de dependencia"
CIE10,F20.0,"Esquizofrenia paranoide"
CIE10,F31.9,"Trastorno afectivo bipolar, no especificado"
CIE10,F32.0,"Episodio depresivo leve"
CIE10,F32.1,"Episodio depresivo moderado"
CIE10,F32.2,"Episodio depresivo grave sin síntomas psicóticos"
CIE10,F32.3,"Episodio depresivo grave con síntomas psicóticos"
CIE10,F32.9,"Episodio depresivo, no especificado"
CIE10,F33.0,"Trastorno depresivo recurrente, episodio leve presente"
CIE10,F33.1,"Trastorno depresivo recurrente, episodio moderado presente"
CIE10,F33.2,"Trastorno depresivo recurrente, episodio depresivo grave presente sin síntomas psicóticos"
CIE10,F34.1,"Distimia"
CIE10,F40.0,"Agorafobia"
CIE10,F40.1,"Fobias sociales"
CIE10,F40.2,"Fobias específicas (aisladas)"
CIE10,F41.0,"Trastorno de pánico [ansiedad paroxística episódica]"
CIE10,F41.1,"Trastorno de ansiedad generalizada"
CIE10,F41.2,"Trastorno mixto de ansiedad y depresión"
CIE10,F41.9,"Trastorno de ansiedad, no especificado"
CIE10,F42.2,"Actos e ideas obsesivas mixtos"
CIE10,F43.0,"Reacción al estrés agudo"
CIE10,F43.1,"Trastorno de estrés postraumático"
CIE10,F43.2,"Trastornos de adaptación"
CIE10,F45.0,"Trastorno de somatización"
CIE10,F50.0,"Anorexia nerviosa"
CIE10,F50.2,"Bulimia nerviosa"
CIE10,F51.0,"Insomnio no orgánico"
CIE10,F60.3,"Trastorno de la personalidad emocionalmente inestable"
CIE10,F84.0,"Autismo en la niñez"
CIE10,F90.0,"Perturbación de la actividad y de la atención"
CIE10,F91.3,"Trastorno opositor desafiante"
CIE10,F93.0,"Trastorno de ansiedad de separación en la niñez"
CIE10,G56.0,"Síndrome del túnel carpiano"
CIE10,I10,"Hipertensión esencial (primaria)"
CIE10,K00.6,"Alteraciones en la erupción dentaria"
CIE10,K01.1,"Dientes impactados"
CIE10,K02.0,"Caries limitada al esmalte"
CIE10,K02.1,"Caries de la dentina"
CIE10,K02.2,"Caries del cemento"
CIE10,K02.9,"Caries dental, no especificada"
CIE10,K03.0,"Atrición excesiva de los dientes"
CIE10,K04.0,"Pulpitis"
CIE10,K04.1,"Necrosis de la pulpa"
CIE10,K04.4,"Periodontitis apical aguda originada en la pulpa"
CIE10,K04.5,"Periodontitis apical crónica"
CIE10,K04.7,"Absceso periapical sin fístula"
CIE10,K05.0,"Gingivitis aguda"
CIE10,K05.1,"Gingivitis crónica"
CIE10,K05.2,"Periodontitis aguda"
CIE10,K05.3,"Periodontitis crónica"
CIE10,K07.4,"Maloclusión de tipo no especificado"
CIE10,K08.1,"Pérdida de dientes debida a accidente, extracción o enfermedad periodontal local"
CIE10,K12.0,"Estomatitis aftosa recurrente"
CIE10,K21.9,"Enfermedad del reflujo gastroesofágico sin esofagitis"
CIE10,K58.9,"Síndrome del colon irritable sin diarrea"
CIE10,K59.0,"Constipación"
CIE10,M17.9,"Gonartrosis, no especificada"
CIE10,M25.5,"Dolor en articulación"
CIE10,M51.1,"Trastornos de disco lumbar y otros, con radiculopatía"
CIE10,M54.2,"Cervicalgia"
CIE10,M54.4,"Lumbago con ciática"
CIE10,M54.5,"Lumbago no especificado"
CIE10,M62.6,"Distensión muscular"
CIE10,M65.4,"Tenosinovitis de estiloides radial [de Quervain]"
CIE10,M75.1,"Síndrome del manguito rotatorio"
CIE10,M75.5,"Bursitis del hombro"
CIE10,M76.5,"Tendinitis rotuliana"
CIE10,M77.1,"Epicondilitis lateral"
CIE10,M79.1,"Mialgia"
CIE10,S13.4,"Esguinces y torceduras de la columna cervical"
CIE10,S83.2,"Desgarro de meniscos, presente"
CIE10,S83.5,"Esguinces y torceduras que comprometen el ligamento cruzado (anterior) (posterior) de la rodilla"
CIE10,S93.4,"Esguinces y torceduras del tobillo"
